Temperature,Concentration,Yield
49.963209507789,0.18513292883861965,11.362343780335573
96.05714451279329,0.5419009473783581,43.17846383028444
78.5595153449124,0.8729458358764083,49.89323548216743
67.89267873576293,0.7322248864095612,42.095162585952814
32.48149123539492,0.8065611478614497,21.358241654184802
32.47956162689621,0.6587833667107174,12.479822087055288
24.64668897345596,0.6922765645178525,27.435320954080453
89.29409166199481,0.8491956515653193,49.7433805953259
68.0892009394567,0.24966800885918594,39.45558699462368
76.64580622368364,0.4894249636431405,45.38686647570358
21.646759543664196,0.22120944181960223,7.432356929131544
97.59278817295954,0.987668007996647,51.9089797573211
86.59541126403374,0.9440593396866133,55.79712206957923
36.987128854262096,0.0394268113685059,11.878339260087998
34.54599737656805,0.7055751725156885,15.93989261965625
34.6723607882747,0.9252483174156658,18.56718849636394
44.33937943676302,0.18057534512733353,5.103287624495083
61.98051453057903,0.5679452305526295,28.630573810601298
54.55560149136926,0.9154882975880418,25.716835054706227
43.298331215843355,0.03394597858579884,6.168474618714086
68.94823157779035,0.6974202672468399,43.078837505458985
31.15950885216335,0.29734900737255077,9.64793300325138
43.37157188281745,0.9243961953765304,16.56250126596596
49.308947463495336,0.9710582451653678,16.656158351797153
56.48559873736288,0.9442664891134339,16.126914069198904
82.81407691144109,0.47421421665746377,57.27952105205358
35.97390257266878,0.8620426509893134,11.636292401900512
61.13875507308893,0.8445493985350704,26.5221935676405
67.39316550896339,0.31910047324325563,39.74241153252902
23.71603301759982,0.8289154741506773,26.22031014577386
68.60358815211507,0.03700763471549262,34.753275209422355
33.64192989498332,0.596269878482053,16.114238517742994
25.20412743882236,0.23000883728770305,21.0261144851549
95.91084298026666,0.12056688577727881,50.00667544277201
97.25056264596475,0.07695320162920916,46.70353481248163
84.67178784931689,0.6962887758781398,50.07145516192219
44.36910153386965,0.33987496376806614,9.103398958242515
27.81376912051071,0.7247667715287615,19.31189888750626
74.73864212097254,0.06535634079894237,41.42554943212235
55.21219949916811,0.31529033783061033,6.726481253893401
29.763058787582306,0.5394912923753372,19.788663041232855
59.614152808901615,0.7907231648389635,32.74573455339619
22.75108168921747,0.3187525029320699,7.818956882502396
92.74563216630257,0.6258913764370091,44.07244993067776
40.70239852800135,0.8859777482361871,17.210821492129522
73.00178274831856,0.6158631881823046,56.52539903403008
44.93688608715288,0.23295947475363377,13.276528106563488
61.605441694224865,0.02440078155653802,25.98816839326355
63.73682234746237,0.8700988739009299,33.59786126049472
34.788356442042165,0.021269410850387138,21.002232693075378
97.56677022116469,0.8747016726841994,44.044577205902385
82.01062586888916,0.528937134027212,47.47092361078667
95.15991532513513,0.9390676985128962,46.133504020563045
91.5861880342119,0.7987832357736654,45.25429530742436
67.83199830488681,0.9979341105333375,41.31960179304849
93.74993880184934,0.35071181545171015,56.197420509523894
27.07940016415356,0.7671882889311269,20.891354387943174
35.67862899353162,0.40193091360924216,13.246631894570235
23.618183112843045,0.47987562030390885,18.340976234309643
46.02642646106115,0.6275054632183701,6.512430983788237
51.09418317515856,0.8736771141863388,22.487857113614105
41.70792254191167,0.9840834691992951,13.864075685000099
86.29900073215435,0.7682734138645182,50.92142848712471
48.540266135487144,0.41776678216733376,31.171342990491425
42.47476077499046,0.4213570022770702,14.63525274839315
63.41568665265988,0.7375823015888915,30.00755463895632
31.27393799798101,0.23877714576830233,14.124719076473255
84.17575846032318,0.11047411313139466,56.5044604695981
25.964051494381664,0.35462215764077654,19.443406328236673
98.95095492804138,0.28723899165408173,38.326871915387045
81.77958154373259,0.2963081204559901,55.55832204615008
35.89725452273379,0.23360775104990994,10.742287727444133
20.441769369888192,0.04209318963636188,28.57188158998472
85.23691427638673,0.01787393473341381,55.89446380562931
76.54858750780937,0.9877223897360315,47.81553362536971
78.32057344327899,0.42777313373586234,56.41851152167268
81.70162773487566,0.3843266471596817,51.46304250739145
25.92357213872723,0.6796472826930698,23.8053017087142
48.67725828354181,0.21825388786506417,17.31920628298225
29.269524762010377,0.9499611839502253,14.432860236949153
89.04827407004748,0.786345014415552,47.84745017071673
69.86385014620464,0.08941100231225951,46.72716773074134
46.471841988211935,0.41758077578492836,12.418456671969677
25.084668022881893,0.8791183075621647,18.1990048045462
44.878585737252976,0.9447320222914103,9.804156327990327
46.014665762139764,0.4674015112498697,16.12158707988715
78.36849426704512,0.6134113892107077,60.722226981425315
71.00459770841705,0.16703394609207523,37.79153915175836
90.97701940610612,0.9911686261369765,50.80469862236641
57.777194012955945,0.2316717013834434,31.57089181895464
29.567539675064136,0.9427317741351257,18.10890612796381
77.0595829778396,0.6496466489923685,51.981589118447644
80.8628038893518,0.6077367948788591,46.06630547814639
64.9021758055597,0.5126885110165086,37.67356498813159
81.67737439636488,0.2306698117177587,49.876116644478444
59.50364770915126,0.17652803200550826,31.76642907053182
61.818626350559526,0.22048620907017535,36.27572191916329
54.20328146868397,0.18643826214425452,32.825299613443924
22.033530139527613,0.7795844735667533,23.539285985181433
28.631314159464356,0.3501252591667301,19.393654041382877
22.51433485493874,0.05784267656339637,20.116493488451482
70.91283290110243,0.9691026301408113,42.858534519348375
45.148478486106136,0.8837858849634257,16.228709067308074
60.685655293176225,0.927752283195213,28.59156571393721
92.60531791408744,0.9949078226464353,50.76986640380817
39.94337833191,0.1738952492194873,19.376573899363866
52.830633842850375,0.39624201890265875,13.759719595087477
80.4440910834439,0.7582384757040913,57.25714942937188
38.3038532393298,0.6960206180537922,20.773487489081365
26.158392786303438,0.15389590633985506,17.815293328514784
43.180116233101444,0.8158331249906178,3.3800900362043667
32.897702980320354,0.22444057183666066,12.382262769748596
94.37581218740584,0.22381761482262308,53.99248497433594
84.64963036515336,0.5369744228934136,51.47527781319374
70.67230052083389,0.5929399348417032,38.587010193282914
89.71684721501742,0.5800862078378112,47.87220888807756
84.29376615192916,0.09148683739775487,54.922731207650116
34.925604710882865,0.8774608626303804,18.51332404099438
91.40471987919823,0.26560004258870606,47.84381305286314
63.147379353252056,0.12951492128280417,30.3140713895176
84.595212413125,0.8887480798689772,50.33826231819009
91.68730399387945,0.9556514982297534,45.67549363833312
45.44027799774911,0.8621276172654506,22.662665654821744
28.80415396221414,0.8095160747248781,16.99168741653425
38.234813003355335,0.6552419806390217,20.21107844825851
54.1686230901005,0.5508573706091393,28.17307907602927
85.44118127379944,0.08698675991141014,55.59770989431577
88.85844666050747,0.4084532130706987,48.22023596219423
20.556170442495258,0.372688517012314,21.88969788607253
60.85978420620526,0.2597537837603262,28.869110416012184
53.39288025190232,0.7234201136885849,15.526265730481793
37.76862483765842,0.4958757350787708,15.56391304362839
29.589229386694626,0.08104621590764793,10.878063314226669
47.00921371229023,0.22018320194981134,19.88402772544556
95.43277631300154,0.6832587636595959,45.577593866741076
45.856234561660415,0.07613085949030018,14.166417232123138
61.50324973946929,0.8512069140487687,32.54577999668067
76.24151671161422,0.4951465270139743,47.55357799717808
49.09036819034352,0.480586577326648,18.63255583965877
97.74256661767686,0.5924077846595176,44.25749992675973
96.99578359536889,0.8246809659251492,51.79019191389637
40.14258366602913,0.34780920790219305,6.376560429196078
59.77988047139084,0.6780161525590636,28.873057186004548
44.07026478534157,0.5657319639957911,23.32386098528348
42.78723955019741,0.2670282701694213,7.851701630043605
22.950955788362624,0.878629986355158,17.333652303881628
68.76514671839175,0.7974260216069281,44.13820903867409
60.21432185830892,0.6584518346584255,29.734229959507903
24.118300099999146,0.8505817290942419,22.180391447548164
42.29171713892892,0.8672942009598024,16.471335940892565
92.6612708773323,0.7083629767150348,52.5008304057036
39.16495125335779,0.837013328363672,19.8085375353587
31.591589767297847,0.6974714616692836,19.064176894325108
59.15622082220504,0.6801407717603004,26.138678795581207
98.85203632884806,0.6186113782151843,49.582814513916254
39.364421720920035,0.7527166395576412,23.549471644527838
73.77084379247029,0.1586051052930737,45.42369771565937
80.9295692262974,0.8808707591989284,47.06969002238128
39.01100351939198,0.871843527745232,19.898946924854798
78.25730788894876,0.029247283034559146,48.5812524049382
49.422650617540256,0.8258167505647627,5.762664697908322
70.58446644748636,0.1288698674734452,46.78610890950647
70.68237686087159,0.3351188542591419,40.403407532789586
62.86197472598068,0.7435082562916078,32.49545907268792
27.223181604352664,0.1607598960483082,19.663991182383363
86.82419964713904,0.8179670241190622,52.76080568464822
45.66240519773886,0.8321341779577419,18.149336945633806
34.92148083198834,0.5074677337608362,12.864048931117349
23.262011324381113,0.00638587171683358,21.489247144503665
67.27143545505935,0.2870381331749128,37.20723402288614
74.2051489473826,0.6169269183757422,51.105631795930655
21.32702631422849,0.9811861780274235,24.16513262781809
60.96744466394248,0.6318135270166684,25.216529908393596
38.11966201583503,0.2598035810641598,18.796561363772362
71.61382323275599,0.6340057030996114,42.0909943322493
33.94931432039932,0.5399853797158555,19.588541329051086
75.27501904819728,0.7798453951511436,50.505408867211486
50.93882770404299,0.10698063882695841,25.593198289927532
94.93839909893876,0.761027902502028,47.18385481148532
31.00167553167946,0.5412665786761103,15.250919478508665
47.285308084020684,0.9629920038589946,15.472842785060799
29.077881699247126,0.3418721660386861,16.023587893648404
93.97548946228503,0.6326218931339481,52.52495452691828
90.18714827047847,0.9320281055100175,42.82603396675831
40.63533021721245,0.10250972799067926,7.28651611192425
72.79872368273432,0.9372284872364511,41.33156802541282
85.37777601609727,0.6878857223008134,56.56799985606642
64.416064927957,0.0678370591051719,42.474367045738525
62.37204626848052,0.30096356694681625,30.80605937735489
39.34818327203614,0.7081720886452816,13.120127715916686
27.44822142447194,0.0673506014687717,18.073490335993707
91.77726063626613,0.5821704601762733,55.30782709934513
92.03344457306643,0.34588305695295674,44.26800623699762
70.64811658186144,0.6209155177674771,44.802081075597854
47.122383283896056,0.04574203381251285,18.528663971965322
47.93676596901287,0.8715368061523763,18.249947641265784
78.07645430961915,0.9734889691773969,51.922379878221136
91.76882079620617,0.9688778552856915,55.28104363350585
90.96691394120938,0.7496518317429247,36.68892164239403
82.3900436686099,0.13008624013063197,54.112469861125504
71.36253169234303,0.7582631959290226,41.46042986014222
26.731197199603905,0.02458691645880151,8.77685068752109
32.930297127569105,0.022123551528997254,17.556819662257194
91.88433508216634,0.32361021914954125,55.799183445890634
68.5143247727672,0.48864319040466575,39.92876130704604
20.73576412933037,0.7704074178077932,25.43553291580169
28.11772342928257,0.6832953766065052,26.725574052212757
73.08014152864446,0.44590270637674834,52.55270175440745
20.404926707697495,0.2736266662816659,27.866597020649717
32.86464411339989,0.9971245001577111,20.693553191783383
63.89870314932689,0.42618130223597295,34.243709842919834
75.35161581541546,0.4513870243296755,40.06481218933421
72.15690076020805,0.16362382119166918,43.20653418805698
37.941544756844785,0.7948095487499294,10.27192007262176
76.97433770780287,0.6936822257814886,60.606960773128705
38.97992699974401,0.2207696127887604,12.188997556906674
46.03197585274142,0.0823810456158427,13.85632864879684
79.71931240944193,0.6804993020747131,53.908601747262075
71.97063192377718,0.6545112142811352,45.43112895244809
87.93787283953424,0.2732595269982093,58.89016030416944
72.60903138402747,0.9508635622504104,43.38523590179024
65.46468826683773,0.15105789178090023,36.61002039993013
27.493981426247398,0.4323348010426019,14.72147959769196
49.41726424475468,0.9436159201675989,10.257579115213806
41.216189414538036,0.4197273169261223,10.08358375521513
39.51917147032668,0.6385259476640855,13.606344905706326
97.84084438019565,0.3975943979627943,44.052849034726265
51.44781797334083,0.27421520234867003,13.730577962684647
91.36372441416907,0.9839776479598282,43.46246979403744
70.49109007978103,0.409334006315043,42.58071563421674
83.58490428333187,0.8940992036791344,44.811168856651996
60.21096744841537,0.22995460589108618,31.774689200112018
66.15231077010873,0.2131047040250833,37.17434089620071
59.401415505509114,0.03113408288451136,19.111667834341986
35.61943902384356,0.651666825375885,13.486196284537034
77.79616922092043,0.36852634372376114,45.84671745828965
42.46178899526846,0.864358249839637,15.622700714594918
21.945277314516307,0.47320990669155716,26.738357885024065
71.63778367257342,0.9681934279147217,36.090582466304475
34.16885435256391,0.18552551570312115,15.312321545757555
95.23668674823314,0.8686231679556108,47.56762961906355
96.31428616020699,0.7765968527917417,51.01520742793444
93.18915121763588,0.770921844644052,50.259054606119655
49.61269602043555,0.8447832281168877,13.044180275168166
21.236529322309394,0.7610239909429989,19.055322310007888
94.26548500701803,0.6262203216314154,44.38734847268069
54.254731865385146,0.13124487768238757,25.206412555455778
97.33238552349357,0.032526179491251916,45.801880911631756
97.08959816714022,0.9208478478156868,57.088726049877714
88.24075643738881,0.616650314520738,50.70259459217167
43.55591136556686,0.7965372909761763,10.458795824051396
50.807818288154024,0.4815223515125501,9.46930876309741
88.09093372134855,0.11730818896239448,41.03956026593238
45.35376041250221,0.12518579220255044,5.162831325229094
33.5594197348874,0.6855652872289714,17.35935685613181
64.54410099666802,0.4303058948994627,37.38018099114861
94.89238193286248,0.20052472670033672,39.29713089194095
75.68238373399784,0.4915945467414369,52.89409667438102
65.6048936071492,0.06420893707513409,33.25319635328766
27.77411950166148,0.5819714019143988,19.346806118213028
69.20057813593358,0.26899340443509767,49.146218772784586
99.20430800834106,0.7975591006371882,50.925408496469025
31.20672121892192,0.31036195892357377,15.09062134465425
61.46637218909894,0.4552201490818012,25.826423747197904
90.18984575423643,0.011620539908100636,38.306565336866335
79.26148942033635,0.07244688779455888,46.15384258770313
75.76125927962144,0.3924935564066848,47.22642371996862
76.19872671896874,0.4799388347171235,43.850557664883496
48.75929209758041,0.6000205481193037,15.056831559615842
43.487347541159465,0.29166257870930323,13.36522546174532
84.74889243828109,0.6949818861265425,50.77363776514789
84.80907157433447,0.8601223971892046,48.97311766039988
89.3657854864083,0.7798509888933498,51.77623216356464
93.05924420451771,0.039618825348357145,50.00430213872138
60.90739190887503,0.48050694725782894,24.050110220513545
60.12130357497597,0.10493017841817487,34.647693864299
83.86361431734201,0.24204501586252747,50.538972142092035
71.99711446222122,0.9866625932671464,46.001053419767224
76.15735018061628,0.14249554290151323,51.62227094761653
83.66341355488808,0.49888815345135606,52.71146490584759
91.2004273454053,0.6181557343181191,54.602614421219435
47.03961254812286,0.702464970544104,16.360712171848398
50.04663621119552,0.5596486834869141,13.504519014140692
27.51855518726952,0.00977084741918366,19.385789670943012
66.26241127969392,0.3264613082439919,31.42916141880136
22.875381903739367,0.5177116433847114,20.55541376931626
57.24784145059681,0.08786649914483335,23.33519481035016
63.411570776606126,0.35062693120918076,31.945848011650824
42.92330017026275,0.033203108791366565,11.754719787526222
67.26666084552086,0.07857849715502074,28.672103364835863
22.440019995123954,0.39692327620159606,17.088501651752026
22.987855099937153,0.13271575404306035,19.688722039707983
85.80804485277267,0.5675408482615582,52.311279900679764
48.81525131290103,0.6894649691372657,10.790874418381089
30.16484101215078,0.8005866991090829,24.259957489251267
61.77946080438435,0.2001502442448101,25.908705899184575
81.59948424788887,0.16748258225906976,55.517555152662226
37.26568219974745,0.10456784033440025,15.456158474248646
69.83123806552001,0.6364302495436367,39.399049460077045
26.82779719950144,0.7064757264869012,28.132245722261217
24.134537693488618,0.03158614482564204,12.817073228070406
62.50837052545184,0.9362122462436898,37.398954489840115
63.25080972880852,0.05197128365147241,37.15109312763506
70.99439211985653,0.5412963353010705,40.51253808470658
78.08730669781292,0.7090605194509164,57.413864386237606
98.06816635700277,0.8709691237460856,45.797659426953075
61.30402786409562,0.7140869321324278,32.00176767792851
45.836517835299674,0.8017280830697918,15.906076222980193
83.61489558149628,0.33945019254280606,50.55438817886676
41.66658010096594,0.8148251137465122,17.96950050238938
55.11771365645089,0.08011484638467514,24.715033862399796
26.276510507381275,0.8948166560605276,11.101363279648067
22.028059473236603,0.5475923761537362,26.699334904015835
97.01187317423401,0.8172977699624937,39.09904151507927
86.87840964097647,0.45231828451830014,56.22680061556606
75.67793648749584,0.643577695196525,54.35291896476413
52.71623555314159,0.5264026609361132,13.479476487229897
33.86354560566766,0.7315895217553319,13.917627056699082
32.514963413686885,0.08162998203058958,9.795392626388006
40.019431853167625,0.0603520839905638,11.475102779480792
63.938133176489636,0.24710323401014644,32.02712657517278
77.16767381600499,0.15954468011318834,52.70723778339165
72.8157901374185,0.8717835665922017,53.109026088094886
42.39471175567543,0.21921398735804432,19.711772295835942
96.38922245305552,0.9758652558191313,45.210388240446676
79.03175333566148,0.33689579177110685,49.131461222263056
64.34832420091206,0.18211791568869928,25.631872437078137
68.93765969874818,0.7896985071424791,37.7523095564211
53.568004994223195,0.6587077755008761,24.931141989699142
39.81847916009259,0.498195716453139,21.535410391846007
48.47781429210093,0.5553635509376312,9.26940553763542
80.62768883714952,0.7192017782722638,48.57275673169453
21.15147909038047,0.22845474133129873,19.45525286790908
29.2858112405533,0.9963339160567419,20.15042243735124
23.68021136174022,0.9747931621467831,16.728622643372027
23.25830418551761,0.6503256863469369,22.332590488421147
88.43684672088058,0.19954245092914513,47.737692569305636
76.29262875040189,0.6802282424312913,49.18307765754962
57.93390632698602,0.07219840897917584,27.138324093471503
27.82673285208012,0.030652502205806065,17.519409460368216
59.32927000934659,0.2576828885112137,24.56666691054925
57.87774166244525,0.4626229567393163,24.562133702371966
33.856149592801216,0.8682725054083805,15.80672789849722
54.70813193903784,0.727169069766308,19.69914192493909
51.88037875178988,0.742706521199981,17.241664406143215
69.26800784417732,0.42549333444807536,49.47914135182486
70.8074920694115,0.3459349925469629,46.056780425440195
23.62432078176356,0.3710387629846027,18.10366045861131
49.9690091701177,0.9876495637360578,20.846588125010207
70.0687932571389,0.04010919141248248,40.06709107312781
60.250900686407014,0.8670314961224486,35.17274308078613
88.51918729506578,0.5786754085723934,52.68552571809895
72.69549052951561,0.43861541918959046,45.02871818377715
33.034754166514375,0.7252576604151365,18.594710651104265
25.645499792034386,0.48666894142470285,11.397185533853389
71.39354225650524,0.8734232380816606,39.3631549237198
22.120904843329747,0.9007018640112585,14.905453331946639
66.86204650187706,0.4217209268734554,38.9111561995427
95.2184193139966,0.2768277972350516,55.856323957927735
66.03793423007032,0.5923503285933622,48.51160597816632
51.05359409652175,0.912363345616691,21.304022663886162
71.46305747538825,0.21066218900566658,46.2558231123201
56.660231239321334,0.6229665835634828,14.78352825479692
63.6493431452748,0.6315602200925206,31.191002857737033
95.317184702122,0.733113022415281,44.11853171138139
50.88821102406194,0.1315676851272598,13.303181681892141
96.89524510591313,0.7158249646820886,46.42190682065867
92.4280513564851,0.909032520665641,47.481339584328175
35.663290783143715,0.17968310887024197,4.173706156044526
25.548904070013236,0.23754332492387764,22.525267617047497
28.062240110194132,0.9713950940416396,13.901368088187569
21.45774605212398,0.18097695270948977,20.679102403786196
27.555436860474273,0.8543850933695791,29.622213079960012
74.64054187330855,0.4922778564480348,42.957270105303266
25.695091876818317,0.24723107440317704,6.1044199556784395
45.5180504235009,0.8707499012725114,13.199163073831901
87.59002487755636,0.4453052550026655,56.36711292238655
21.86175485886607,0.5148173539296902,29.917795699660036
85.15747860711487,0.3592333693997657,45.03853903480488
42.548381981872,0.5929508514349274,15.972217465127429
29.4531862097325,0.16352387258502277,14.677251207103504
75.73897322913206,0.3910815366517607,47.73222926691904
70.31542774239071,0.9694123223352875,57.122615430881865
90.19776108216423,0.25813343270112754,42.040500395068285
78.80568350431086,0.6567366645412922,51.981479329430364
84.27847443078788,0.3251900642246949,53.52616895260006
42.562765805704515,0.7734731256866006,19.279544631780972
34.195163502377824,0.13087366071834983,15.10564872317498
80.04918013126867,0.9698210450785447,53.39079199055731
84.54677914138112,0.45378954138363925,49.472148471587175
99.24041136005387,0.23605046334646396,46.650153473385046
53.00941415291412,0.07349674733001266,16.618287423430473
49.761446863422655,0.16975790508754074,18.673922232880763
82.11303685935974,0.5197739485560177,49.616383034538735
47.264283220241424,0.3370031764312863,16.192635431875324
94.46058604828518,0.8288833658826095,48.52895530865474
88.67302014744095,0.43088752366180594,56.11899627999031
54.319522190001464,0.2487142725876299,19.879284510367608
80.06968542331978,0.61714498660403,42.28717344258896
80.36342992677459,0.7067772168854458,57.73905887250233
28.24990950687461,0.16704190790094986,13.04376672979109
92.20423253436533,0.16761921628831766,45.197876373431896
60.42018979582857,0.03667142693354297,24.916777653760935
86.11659728861933,0.7364020150656405,58.66762979675857
45.603968082448944,0.6638045276218051,3.566507931005118
91.64185827969604,0.4746308757498139,65.03546093957955
51.13613429873305,0.8441704489691971,23.3308572869407
20.86701211842387,0.8056701529500532,21.8595077220922
92.4305581135411,0.5853543643967521,48.9187541119407
27.302934142890685,0.8682712805132586,20.813785513109618
45.54509100723319,0.20584121003676825,15.91421168414129
96.0049573640644,0.11191961939772788,49.70424679656513
96.04857175500449,0.2697496115169896,49.550732352777686
65.87503104986288,0.05708685608931485,36.496016532370604
70.54697697358394,0.531169528001032,42.321337472418776
55.87564175826558,0.9366056922949615,22.6460420634173
43.456861735845166,0.03934354066850965,11.49743063246582
46.29316362959328,0.1221099140100268,19.09413758695156
73.80147648616307,0.4521990282834353,49.6711737139654
80.1899623550144,0.9338750175279049,37.124947608305156
83.32632349806788,0.3161561049767505,54.45114970667321
83.16945142356431,0.5072348086883924,52.52020551055659
27.29648824389523,0.0415728590503921,17.641759058123704
59.553624376206514,0.14834320096208886,24.911080279859497
24.604700801331543,0.9866301229588469,26.192829347877904
63.96231058589884,0.9651186964360455,39.777076298029165
55.32244010987016,0.004939980934409616,16.983439738796193
91.01633462066398,0.951811785423239,52.6225510172254
48.07320100416629,0.6391199378155004,10.50158246348314
29.36536131420847,0.8679182945200221,11.556651404499133
31.43933456422687,0.4547398556338591,13.472152863479211
80.92085053739778,0.5155960285792502,55.521455185030185
69.45744506530089,0.4888465802569202,46.623406815730306
28.08981408982322,0.6668642575461043,21.209185348454806
26.728544489199795,0.1396512547563129,21.786663172839532
76.0775305167296,0.029973589872677953,50.37798979838773
25.821040509135482,0.3079299415911909,15.626500606471714
85.7488047432285,0.7046807627366467,53.955504060210075
76.4993781725197,0.20185345212294836,52.447995460973395
26.50790245135198,0.6734324333249173,23.08561002071643
26.787017126815353,0.9699120461072704,25.743266343222395
98.93116628009403,0.09390071578941839,48.680859112965685
49.941663660489624,0.6726021182251263,18.467649804735274
49.65137176535127,0.44375021930457115,21.38164902221616
85.0239653806002,0.8681422543775054,52.08608166835926
95.7798861907087,0.1771497894473859,42.308749789498364
98.88008510582966,0.6926259522261645,45.541554362251674
80.27025482071534,0.8381152896481102,47.93749713172211
50.10076684247326,0.9446142194740232,14.00354783736302
26.6800573358935,0.6832480282896458,18.54474486327827
82.17175327419494,0.4971747640084273,47.465796527732834
64.6723399788644,0.6178472402012138,33.86217056208406
53.937760739758104,0.8689049844787182,11.47161924185864
92.50835080757888,0.5706097466388297,50.19253409790021
28.895798584492105,0.03038705969683686,17.00823757837702
59.41000834326873,0.9309486955069778,24.126001239410265
20.908291581393527,0.6895267510315611,23.807456294591752
57.4928513595301,0.6765133857772465,29.698357308749177
24.504262054546988,0.21567515239771717,11.020045684796681
29.505433301445755,0.6588854702326572,14.155756007159876
29.40209974216839,0.3938644056541585,13.643309516419734
71.93682416928509,0.6512329770414921,40.46944994440604
79.68359034123387,0.10659303030799072,54.13701577134785
66.66950120777277,0.657845304603036,37.425451336472
96.97380387796335,0.9994137257706666,46.470768443464664
49.98964636189633,0.04821203886055603,5.479760894646089
42.85696690254886,0.9771741842213173,17.456525347154454
89.48793025515683,0.4069079607228706,43.943630284339875
37.88766708155621,0.8707534503372591,14.95566056421697
97.0578031552489,0.7823854840582735,48.70736895490821
20.972357975185307,0.5670162609866678,27.06952012793178
97.59030613661112,0.7384492092513265,40.44731673308922
23.45279295604609,0.8785155613013479,5.533693957373138
91.29144909584569,0.404140321651033,50.28670788054802
62.21608872690399,0.3270331615632387,40.14929130336951
99.43718368954403,0.6675933855635847,52.28890713075789
25.90372517883191,0.8078459419412586,20.853121901795134
64.30834275210566,0.7622851347766157,32.691691609470816
97.54420284952792,0.7978136488586345,51.16629539360178
61.847827533611905,0.435583314812933,25.944911154517555
70.351891050821,0.8178342161750216,46.02443827657513
75.65989511876937,0.12020905537060844,50.185877472620135
56.36328518142186,0.5444890979608495,28.544858714294655
70.20464640672508,0.0057586604981215705,55.634903637770265
66.74514495384801,0.3245858299002703,39.797998543890245
92.09264083927911,0.3664615348713979,46.37291981737553
23.63571042731663,0.3961726916092554,19.501044837595003
42.477055167378424,0.6954672066898622,4.8444478431808715
96.0329187261247,0.38855810127034573,43.544336932015085
91.2211027112733,0.44869362262253065,47.442203343826584
56.45254022285704,0.23754413087432746,20.12556781288425
69.61060782412294,0.3732517916293401,42.58497819249424
42.19049463849061,0.22726962726315147,8.630124126372724
35.0496927779009,0.07319592376844364,19.722067664186827
57.09587239519857,0.6034485933813779,24.32929105084994
48.268178242084225,0.6682127985550163,15.489411506877822
66.69248894806977,0.6194903460096145,36.71119813836954
26.218770957198785,0.46349404380057235,19.778659719599908
97.95158461329332,0.3797857801792298,50.24115362178328
98.89685955836823,0.8633336495718252,42.35604036422366
75.85293712157961,0.519081785136218,45.31525007743629
62.88770930752963,0.47918187762973097,30.93944421043028
44.76220930290622,0.025642065806435688,5.980617108671646
85.10360157655589,0.34124782762615635,47.06008148892116
74.77849380431034,0.38019561878585706,45.06945689377926
33.00935514759131,0.3988227808969005,20.087574770362714
92.8741747595074,0.5801723692273323,50.279528177451766
85.80297943385352,0.5336025467268785,52.41290319064876
95.98399306335392,0.6079050927934446,51.73479277858442
78.0575606710688,0.7648832615421283,49.86006164365893
69.07321567486319,0.8129857387160935,43.958869501874865
53.45944290324951,0.7181230762264944,19.590580702517546
94.61827866832107,0.9555236959549347,50.17658417035837
89.28511116003267,0.01823258267636163,46.526687992702115
23.617493608495153,0.1957779856835461,7.037897036764028
22.109357959780162,0.00756287497814212,18.418533516146333
50.117069350243966,0.647474714154603,23.911846533017943
84.84426646254663,0.8980305489499869,56.926923856976046
98.98209034519556,0.24348229657629927,50.24557068689939
32.033351288282255,0.9270345447963066,23.434365799853147
67.5304572281708,0.06026739028956085,38.85666966923533
50.47126853048172,0.9344360268055143,18.64612029015068
97.59315182516826,0.3516226872396344,43.12824098857659
87.36951385085669,0.10142082844921652,48.65582865489917
87.06629637689103,0.48587175918632564,54.16366186599379
57.49545278359762,0.25677656772050794,30.19399543543017
53.185560187013216,0.28487290196192283,18.24691681370529
41.8725657544565,0.3072899649262866,10.647340773215978
24.51003973207417,0.8030258978326634,20.233622348990437
89.17779010040425,0.5391612766752545,53.528810380328
85.03208073040621,0.31130769915600365,43.88489877161413
99.97741386289044,0.6103337833109184,34.30722386814092
99.73094696591244,0.7161506742231936,43.33257593260264
64.4345364482102,0.27262400073353377,28.254785207161223
81.51899321444084,0.4135491015253515,48.60539165132745
95.58125839059424,0.12188609333694755,45.96596940320481
87.97179125419292,0.18114934953468032,47.95398082439395
39.78784813945581,0.6811178539649828,21.090836865187914
56.04353082480748,0.18143834769562694,23.739520278138343
30.3327532121196,0.5251633836670602,18.800131656158623
96.32408218069779,0.7090462617224327,50.62975298327722
68.49397075607041,0.10687692309474384,34.130962319953625
38.29142444027702,0.5673122196289035,19.129440006307355
73.73605475246853,0.25656278370136376,45.87054308859387
69.45025923663167,0.9629268752375798,46.14908530795792
48.65301744262724,0.4835456467199247,10.050997788575657
29.08460737597032,0.8059925497751581,10.695753375463624
73.72585564742397,0.5502265421562618,50.91632302724134
61.62461607230347,0.043412532854819164,31.576874017984526
81.78547133885115,0.6331513755940223,47.12667441535404
61.61308008895947,0.951403342206657,27.145273390574577
88.1745200254832,0.6016118201463312,56.624393990365874
64.15254710195885,0.8191888594267902,29.08444985304086
64.87503772283091,0.8842064633484078,44.448295038914615
90.1322882126676,0.22807977194893247,45.019495949128405
52.27862929699177,0.21204483990822665,21.05477207628716
30.72121827605126,0.6109809888509917,15.633628331992577
22.302614105067118,0.4110284698067047,22.892501994058915
80.41098045388952,0.8398613028667203,48.99009025206509
69.62476410827718,0.9000231233980112,42.080880246633726
76.32638144793788,0.3534213793027181,48.83066315507238
37.03713292071286,0.23687055897448206,8.651553059738262
30.90971804694158,0.7805255152438618,21.226024107006204
21.163573253430556,0.2748060355481361,17.11369410982478
48.04700470452776,0.8226143185136784,14.568308221156583
67.19341494837064,0.42373825364876283,33.69702342262578
51.379523607978584,0.6675498992914705,5.105130359263226
54.99799376189833,0.09553531383466818,19.678103821610268
92.33269555949987,0.623859324676573,61.380542931985936
47.86043736186403,0.4517676787372291,18.783888332510337
61.119159132784866,0.5866084631754741,29.932161516908977
82.69224101929144,0.16801420774486342,49.517880108670724
51.72342258570161,0.7368737449441821,18.487055860713177
69.76693601822987,0.8627970775432285,45.73704791654811
88.98909669973962,0.21673980009077565,44.04360555804192
95.96164989261138,0.09571455552016173,52.03837033028162
31.765878474323035,0.023638586046336396,19.157242472561276
94.12701001291956,0.641971500443266,52.05914329491468
59.369303446363055,0.6070940360887808,29.697444238777393
40.659551063916666,0.54669741271407,13.538884616252036
56.7308604990609,0.23194709611597542,26.464142488537718
98.40260602283817,0.39090599590551467,48.90587010658514
59.40944751942957,0.594476335186173,25.767487403288822
46.300128823000655,0.4967668588591694,11.309499190345928
70.67206834533806,0.9877855202148873,44.882213517250925
39.21164950225545,0.13643975255673313,20.594052065994397
26.06906624869311,0.6951445540475938,13.32499600078549
30.310377752851938,0.4043187681042921,9.729498169707728
30.243667116621793,0.42819961492561476,17.97161340828835
32.15221548098355,0.7175977656581762,17.03011791903506
31.10617381195281,0.6924361513243696,18.114370723853245
71.26997958425717,0.9912559937021883,46.30909281512877
34.55040675193159,0.12839428945412523,13.332575849073258
47.65338266590906,0.10410964938416634,21.498242684453135
91.74307279248094,0.7243388171287412,41.79429394816794
57.916931221029785,0.5783869170064091,21.253334644074066
73.40461908168217,0.27416066655980587,45.444565624822715
33.78558969613039,0.0794193689889866,6.488141483466478
35.38312150469366,0.08565824959643054,13.119658140746738
23.26948930131831,0.8941908746641183,29.005289164617675
33.514805045773166,0.1918673247187429,15.162067480462582
42.287227122556686,0.32337156211552076,14.090901623863722
34.160838742139745,0.22665640222698802,8.522335952260157
27.096202700564447,0.3549963058319373,15.36291511643367
29.650869688048065,0.06942384274609337,14.844206902309391
56.86230144261806,0.5190597909082704,22.25942634549363
36.5066974724634,0.0676125635922149,19.923077061925312
49.14158888384604,0.8003565078223616,19.16282859597724
60.27338166838855,0.23371208191043302,22.516174566941896
75.23158629034923,0.5400119146045106,49.38609420805075
23.144971187287915,0.8800790875614583,23.183433593107225
83.95283191272341,0.6508773690471942,57.54930366305783
70.23203115927262,0.5329577865513353,50.827645212795325
26.540722555909753,0.3243337531153756,13.527923917923216
89.88628992854218,0.33300191305819793,45.779382109951456
93.66979204254505,0.6694869551981901,42.463646442511994
24.8862367883891,0.9941393612211675,19.336770697713842
42.1502118517763,0.6618391898493786,15.942161513126898
84.4961023834449,0.5577834173700249,56.578250579323665
79.86077523069267,0.7306505102392461,50.92481369047597
34.76168154851018,0.46520561228371815,13.428331989761794
36.747945866936824,0.060142342600785215,14.170113624424229
49.63776822331056,0.5622968158779098,12.082081924110902
58.761838815281706,0.9576252845053802,37.78528873417019
69.46038172242368,0.17530294235765964,33.196172561590885
49.51309116558179,0.6900048908206657,17.344317309626064
57.002777290651835,0.20093368865905648,33.51675014518168
79.79767505070052,0.5358276844730813,50.92548594292401
22.934656231247832,0.09667644964671962,18.210915437771227
40.19495554752166,0.45037093625818514,11.516982370542257
77.0679668707642,0.7561633288952461,49.0362300432739
91.61654701497595,0.3475715242389821,55.9686347250224
60.93419536925329,0.664911724487218,18.851322824997975
62.569078821225254,0.7954499607897292,40.27986382813006
28.573760907182084,0.9271778194794527,11.825505635491924
55.79298934587637,0.23464208185545354,20.560664426698377
62.60938131640185,0.39931591580930814,29.734646984055257
39.39764029077837,0.15241601333041743,15.785609748187362
41.539458475950475,0.9924835021583752,6.283263780371561
50.18273304836981,0.9270009679242953,19.72042156007992
21.60569582221811,0.5399571302805596,30.314978383915292
45.76633324665426,0.8420332943764213,7.84336974545664
36.91584055972357,0.5209579772720422,15.221568080141394
46.19978817423317,0.6235856880027597,11.079822388287832
29.580970545540097,0.08912443211601662,18.92284612483433
91.2421824591916,0.7552704204968079,50.18791972129769
67.48739628432389,0.12771348363523483,35.280872532374815
74.32818553155917,0.8260676302525284,50.38173009528058
83.13369908858706,0.7820280876703859,61.11588530917692
59.87537591432458,0.7087446977429764,27.487063144942674
26.953623046993897,0.036160380524762115,21.463602797755325
62.968523345483824,0.3031283559453286,25.760819614284863
66.94728944167034,0.26311256991084286,33.217933517968575
79.6351579347464,0.3601364074715191,52.839954464572955
54.53276369837435,0.08764274676383854,27.483548364694634
30.2064242236451,0.9369578230310628,19.961750010483353
42.702072463897956,0.5538022407123763,11.855148320207737
49.046583711890804,0.30552431065802355,15.315066383181724
71.67337930652809,0.3969815170742834,38.112394764388476
65.66226437351295,0.44720254050483565,39.54088450770615
48.4877380718277,0.6005943333606173,19.94958304578551
98.92121990343837,0.5156794276964978,43.726350025068854
68.46198554855097,0.9193919732144173,39.05693370248387
38.97814333887956,0.49696348290583026,14.950611063165594
28.1425978096323,0.9921580148233127,17.087202888310586
32.22873113474656,0.8514249577450957,16.674642482681215
39.67661827076065,0.2085105143573358,23.401210536103083
32.85450986076445,0.9305952146439163,15.619690365511214
34.925361924104465,0.11636639788547609,12.465873104611681
42.807613495507766,0.8174497084911916,10.718136794610153
33.86988762358038,0.3806232934765801,18.98774439973762
91.74123397011401,0.8779743204450695,49.20082597150233
26.418699652931377,0.8680566901074503,16.490419577652663
61.960911165620374,0.8059254001176211,38.32898529421095
52.83174615917292,0.7900304363070614,26.67918136203402
98.59028935268852,0.3046791390980408,42.69507498155737
28.963112173444188,0.08091928305125218,7.738988365873557
51.82844792365933,0.40298017876516146,22.84413512265146
97.55763466202951,0.17352451498650867,42.45296522463565
89.24057007151842,0.6949510889024617,54.76389631213386
85.3657656759424,0.34609972653778553,41.283947467113364
40.632226163595185,0.9756102008599149,18.764439904702556
33.67100699120527,0.640972077345332,9.825572272820366
73.49145759395448,0.822480563634361,50.79704919696158
94.35007913020686,0.13252467274184843,47.40915651155385
64.54103144111438,0.8620144822726226,30.925716425887632
65.72901515759199,0.9227571905133943,35.531643117219154
42.39832749282273,0.4870619188189359,16.70080292329238
81.55943465535495,0.6062529377509774,52.069244370638515
34.96349988460187,0.7648098009029954,18.459806237498178
45.89433891233949,0.17483862726041255,23.25454422076342
54.034915089313344,0.5025660764634424,12.495944179293442
60.6088302947564,0.3986630277723131,36.983045781025425
39.392778593206415,0.1463739921622491,13.353502591065398
29.186945979136283,0.36753442229153144,13.045190670930879
68.8496033953306,0.06817230938549357,33.57064399298265
43.09044425922046,0.025811906949486985,11.453709848958045
66.49905771380898,0.13516628915482276,41.713670913740835
32.34901722193619,0.9631151115891738,16.53125596204419
58.4912081483854,0.549529535895017,33.6948194650562
62.60715460412687,0.96582216115322,25.754663614117632
24.145882945794153,0.432497878330132,19.523836201942302
46.92834225551365,0.3118161330852596,7.8277480531201
30.75317415511794,0.5061418628402441,18.869297523968918
25.06999763782142,0.4395116886329101,23.77695626981727
99.19681859119562,0.10566468426174391,42.956458869389095
45.788307597977834,0.6408263146902062,1.2437936375336651
84.7899556683708,0.2160381825095996,51.93134460665302
40.37125238110111,0.6195879548978296,15.803073737596932
74.52021777791434,0.6502010923981534,49.78494506487927
80.81822879117493,0.1520248531286481,56.63363779554736
67.65109924862755,0.06134962711066816,33.22783493379674
57.72609508401267,0.7807615860684398,28.938854329892926
52.947273131781486,0.4598004237693202,25.003985956462458
47.90946132343962,0.05816379550547579,5.208960598235205
94.36233153982607,0.9948663171697671,50.65460810697721
86.44955262301833,0.05778056099636664,47.85097189933606
97.20215285332101,0.6950352288585532,46.67195096500534
29.943777878843576,0.9836789252634136,20.144466169658568
78.46939801629154,0.23918010421592562,47.2766684600205
95.06723654568303,0.14224936868719618,43.62103649064074
34.498645293252814,0.1213849394224289,14.628730302940735
25.3197013893422,0.30327514756759555,13.555751437273052
79.28965194320472,0.10104581101064669,44.38969244715691
65.95784905439295,0.6921613416941319,40.83544650103703
87.34630214066176,0.06229179813006269,44.42027573409888
31.18179013010316,0.5094221281497897,20.175416840071392
83.62138494879122,0.9966968538529768,54.85347067915931
36.13018560381956,0.8139702695060188,6.522428518772263
33.09247542925636,0.6152194382310109,12.720147523156623
33.14126383447943,0.30625362078661167,21.4368960851528
85.16597761851057,0.6238958362916385,46.808808204517135
73.215777655696,0.5270414639116516,43.955843875709824
61.845233981529546,0.4260833838903715,33.1000690090361
48.7064387298802,0.13071037674019947,18.65655459118568
90.17604326504866,0.8866042152404667,49.56369183731901
51.395608593810834,0.4497846488213225,14.508411880071653
85.32795515772617,0.19462251182076507,57.94825185552473
55.13079268561747,0.3677593508772896,30.033299753865073
50.155554353992606,0.41412975252892703,21.256367436540202
57.01438285356851,0.8275378955668743,25.09401374830153
44.110229933131365,0.733614380561402,9.931695907698407
79.80875041410009,0.7693048936413398,47.210361249484734
60.217631207398334,0.011031264428647214,30.15890187724615
38.57701561174538,0.4161539981797615,15.648263486181316
91.96596586196547,0.4813441516353236,56.21572832940144
50.711297709856915,0.019192276823056686,19.282887185220453
63.48422888911909,0.2598132087450342,25.398252523420265
92.51776887716376,0.760289823122135,54.760596119918816
69.93903967311937,0.13710970572899905,36.77722218238289
29.351843256669127,0.5353101314525917,15.876143496432329
95.18656988907802,0.2152018720172375,48.33727779991874
70.21664424571343,0.012120774643893273,51.84254120337742
46.79244917256689,0.24120145759954148,29.43371242331183
31.141765813070982,0.9758737549100538,20.830372091080005
83.52201514162368,0.8015371118829896,51.232444759838415
69.60582047428107,0.9595766443210334,45.66225848708976
62.67688735810572,0.48785404392636245,36.59746938485076
91.51140664407662,0.1097361986775035,47.07418944078343
83.08777689796246,0.547959488973693,60.5993705592663
32.1339903786201,0.4543773345599609,17.408656727561155
44.93776542364386,0.844357082739616,16.884319153758568
39.87913118515726,0.09808258078424459,15.97688307734321
79.51570340581415,0.4882411370217782,52.79468703062224
22.682594778862352,0.15004866469398426,23.500837294763038
65.59117478970532,0.32467592689006,33.08311296056559
80.99669485925524,0.7373570773877997,48.881255341063294
90.14125094093995,0.47601812936876653,44.5139705704871
47.366539897272595,0.37588828514576933,16.635496480976087
85.70058437376103,0.3944762785700353,55.07779558674272
28.850538956416578,0.45944676840598664,20.170368435818478
87.71618333876145,0.7850165438370569,59.8775740085058
30.199092986558593,0.8920846889402344,18.06956863903458
51.78298324482938,0.9553346865039283,22.21173501857097
83.78362926236429,0.7869033862552951,46.66345582644499
31.993394187901902,0.31540689574801273,14.114865613389878
38.34011161861132,0.6881347060865421,17.640008172707553
77.7802054714453,0.4376031240553919,53.981982973777924
77.60292292368595,0.2546706220460512,47.79711159785719
71.29181063082379,0.8408715794259226,44.45596877087726
75.515875557368,0.038426348962324997,39.79168427819284
63.417955467807694,0.9017619921354235,32.31312260851447
40.14392471255622,0.46147746462473416,17.78551974664803
47.65567948031355,0.6372014768082804,17.992404455287314
34.527817344114055,0.6593539222057827,18.024036902403363
92.67604490669027,0.8951177407065364,49.94239783544156
66.67134358128963,0.6366696821672073,38.39017606404505
52.06811334109119,0.6139335847600618,15.157888509966416
56.96046429153061,0.06665204056068996,26.567865064585614
95.78266716894522,0.5184080219452041,49.5041463783676
32.26811224928642,0.15016900081704165,18.04333373626203
66.89838656134378,0.7374337687214856,36.24926478606475
60.47109431075728,0.5122219208126745,18.1543848427267
68.91633883477184,0.6802277792083533,47.02034003283544
21.44881470566724,0.041672900602384266,16.810460692102673
89.76991271553212,0.08479201604580322,45.07037658028601
94.56946259868899,0.7163233880626823,51.86314512073881
65.21065468713672,0.07208433599867337,33.145862958800556
75.73206591015138,0.0712567277652586,52.91663795267506
93.79995049418366,0.01210847523488745,50.45690138640045
76.57909074507188,0.9565013982994801,53.428787576810095
32.20312343314091,0.737508359459007,9.960415745960136
66.10306881334506,0.35325140850206416,43.03094292082246
68.53720371062848,0.2965355812876552,41.56875009676915
53.93045370419088,0.34970322974584955,18.046649437374832
78.91553884997782,0.7746535311811819,51.71696128413185
94.74936118152118,0.6613706110704144,39.314874364688514
94.04548103254211,0.18519556786746794,49.63868048649133
56.06714971233057,0.17410933533408435,16.97449056263079
29.05904366726042,0.09839564971339732,10.29808469536071
98.78729591698676,0.6603027197013381,38.71725383283261
87.11184691567473,0.7643726622217359,57.19365621154904
29.97301449626135,0.265046428325004,13.808193492410016
93.66735060938979,0.020944961030912812,55.124306920762145
89.59170896497027,0.08217166747642735,46.77084376140336
61.50704457008577,0.9678600348450305,22.831515990109256
67.30203485959434,0.29544477747742026,32.98207110619563
51.920216309610424,0.7692231478381336,24.805967578101907
24.380931105762507,0.6246635688542638,19.129205151990387
46.815779331672076,0.3819396396528959,11.43507869034987
84.22827588784091,0.2056872621955551,51.75083533921664
20.37056184036823,0.12138641815940643,21.869526514216936
46.679933735291534,0.6150129680388666,20.166840114248178
51.85349548727547,0.774633780637788,25.81627563362722
62.99164823503383,0.6439042535411307,31.144577758497423
93.58844931302085,0.5303021332491583,41.88344318823204
47.707679549276904,0.041951223431636264,11.887452100121312
47.75625615169822,0.9684887775943838,17.136495861827996
79.00009984877987,0.7987141916545746,46.26809250128967
56.17743527118457,0.29282203670096474,17.71453996805282
37.96838583519856,0.9799703293588506,16.569530392791393
56.195161290615474,0.6018815896363221,22.897968661451166
31.26856163038399,0.5824226582072465,17.110470680507113
34.110958920497865,0.7480731794295321,12.096622750778634
59.869421819158376,0.8117697880901376,27.4869564138914
53.514035960363834,0.6564786073315027,15.421971119308465
93.187672085448,0.12809574636620003,52.3591425979934
48.99151192933065,0.3382675059944984,20.52243193320233
66.44706802224349,0.9280836403260497,29.385739854156213
70.58114303356243,0.22461561184385193,38.08890190908613
21.04755652706669,0.3721670238375133,12.39345345277111
73.08298976133685,0.432076882944196,42.70326086832015
34.24287734958011,0.4394049896944522,14.793611161375152
96.88562539755641,0.6129395824945255,39.81310495247388
31.893018220249036,0.9430758377447076,12.746451004918532
53.1699298981619,0.24069271183250496,13.819290936771054
26.82797344629151,0.12150137630091806,19.12200930939713
99.74994014767579,0.19747048985993731,45.387918658124676
60.175600826499405,0.8869249002092695,25.627836282739697
67.6308013856035,0.645810812655206,40.60798556837532
25.3661181910742,0.28590678923916013,16.208935375839022
79.99683763193423,0.8159469389686173,50.16607923845332
36.792447447646865,0.861369996363436,23.365016622151547
91.84434315525709,0.846514338690278,56.697869594563066
36.41117123856057,0.9189265336395545,8.755450823800917
35.255017653093326,0.2522410201733616,18.535174156941064
22.923973427847592,0.7550419287462783,24.53654415042389
57.765355608799936,0.46053949727414,19.209934383790234
65.18729066100931,0.8419985528900615,40.70524829918721
25.25669115426819,0.7284906771616132,27.552112499283886
82.04220933560084,0.7764474464997246,46.35418183606458
56.26310677984221,0.6561618376810715,18.749914531271237
61.951221546206405,0.17742876946970687,35.539281913084274
55.26101975505825,0.5450269188969383,23.209996153808728
52.06104487002608,0.9846697395245082,21.951461702855326
64.77122650465743,0.9373880664971189,37.89057455594145
32.419219674457,0.04317373579701167,17.24782611460456
34.55425043962169,0.16481481572943713,7.887333196857792
88.94284968108138,0.1317287734545619,55.03105729364297
95.68923697069062,0.7259799099852955,53.70805748631637
49.864745302380236,0.8177853298569451,15.794258477255543
41.6595738514843,0.2135113663106719,12.495582410406808
71.51996345912126,0.505852692951829,36.75176683447134
52.698733687847714,0.8407030280112,22.116159810798692
22.03090845282759,0.7328015447662506,23.408080313541166
32.49220778929523,0.5422372054918483,15.94541867092619
77.2777783077918,0.5903476904587729,55.36181997922117
72.71391535281211,0.50836054691628,44.053696712037855
22.16767940027868,0.2975484513188206,22.487118807128986
37.75777295463595,0.5650219928590161,8.985399814537159
38.48598372704571,0.6888853020500907,14.007400674565709
73.75141948789827,0.8733229158608077,46.625885633994315
21.57684302034913,0.6362913539792481,21.514224447164764
28.32868655876591,0.761121537043158,16.87738379545047
83.99328682985515,0.160071634954573,50.208896934493154
34.28357296434669,0.4615574744197899,19.36663256093813
72.21968862814998,0.009331619827093296,42.01308695529828
39.05462248373812,0.24667886452162302,5.070572448317511
27.955311420747613,0.7264617151130048,27.5704531511121
39.453775279956325,0.9918099513493635,21.41789899771894
77.78135454845273,0.0991780995872159,42.59897056949484
88.45571744850287,0.40149431586128825,53.95298431692764
86.41758916535933,0.8000709686991595,49.34828757026793
51.77468236947639,0.20403563462889884,18.674988307156774
73.44681092565169,0.5550849493022862,48.03555354545041
36.39874363326568,0.7330712960296748,13.714306506930031
43.45181842088106,0.615985450260179,9.70571528228437
91.70686548168958,0.18802473461541613,45.2904379280908
21.04015388085888,0.3553845686857394,15.261639102017924
26.840682468357446,0.7837917844853972,15.246098635391121
36.630900411682184,0.5542265141320166,14.106221364123877
22.122576309905575,0.005229613542912737,15.505169612377955
34.51483480718379,0.7609907600280938,19.1401125958579
66.64332487757537,0.03531135494023907,44.54837163677496
53.713964047399834,0.7457337827312321,17.542179311318243
91.41373688615799,0.2024805601652374,50.105109417693484
85.39548493907527,0.9580734801193802,54.85291783837201
47.34538813583008,0.3679407513020845,16.77103990037779
40.7538746745034,0.3269316163380791,13.371748587318335
50.375392653381354,0.14888805033244468,19.722857235080532
67.22359540118461,0.3056042154902149,40.886172953043385
41.4450912658301,0.8766507618282006,7.857103235318474
69.93191262793073,0.9963343376272473,47.82278818636815
52.752932175299236,0.36830953050684834,23.092450841283338
64.16377446815842,0.44861063095454257,30.490664783069764
54.890122330825335,0.722070938202737,21.946049445893145
43.55726076335341,0.8861957804650745,17.596995074194666
95.87626455697253,0.5930443341867842,46.45635516523001
81.08846353278086,0.39152569817782934,56.36914750926091
31.209054061316202,0.41262184084862374,28.455990904749473
89.47743807183302,0.6956181464968069,46.79148974300928
58.99449585996109,0.0032182636042786816,18.85459038854983
91.56417815152732,0.6195893374598407,51.19186707702324
83.98842047578522,0.3554930104413574,54.8650052500295
54.017080357538674,0.7941973312770843,19.725810144776286
21.797544665609394,0.09299063982313216,26.5535011361637
41.494188750795686,0.5882022669483905,6.7737329371783215
63.330737172869355,0.48097288988612374,36.59058466661887
70.67825758609177,0.6423255259052274,40.66018369088657
40.631014834656185,0.06485359448296835,21.07695620112053
31.14848592582593,0.5799837874281313,26.96419603390436
86.79441894394392,0.5614845879595237,47.469083813898685
98.75217445628417,0.5606600944161709,43.39600948782944
62.055214584214866,0.6034876665964548,35.75666407547924
33.73434286786428,0.6764679372263622,13.986751336722927
41.784586121549516,0.8049889996807698,13.66708017825025
21.471254123797337,0.26982072012821434,19.786898189360684
93.14390452483993,0.8250494101800621,39.72531988987683
29.42008663121129,0.4982556822634536,17.61998191543985
66.12131804114028,0.07705827913433116,32.99659861099374
41.92441765497648,0.0585509292439792,9.93524251054882
64.33424020126347,0.3342383186960608,41.550498362080546
72.11363106814915,0.7848969771114676,39.34936739021488
86.37934429657614,0.7076809347409158,55.752340666898206
36.513701740848255,0.7886149646724064,13.55943547774191
20.879666292678436,0.5172690564416094,18.767787655795132
30.950850405504582,0.44019899795549056,20.772591170751017
92.0014913478484,0.14745252670628395,50.223352485465085
89.91120620500122,0.32819275360931155,52.666977635817496
67.79304817362467,0.43401936617387527,44.365650994996116
68.04134883469227,0.08860042967961723,37.51837310298304
73.20293396370045,0.22061195271121126,42.590874007187196
34.02970228987597,0.5982252940637388,10.201433274306325
93.15295567399679,0.7356631142391898,45.013389494461045
53.50164199136585,0.9983475113929496,35.45876413540056
50.65108225995979,0.9331133313435577,24.030797519947903
61.513416422627,0.6425651995351915,23.97184648793639
23.757277342004404,0.421248053294072,13.04045176422497
33.30266950048635,0.6361773647082327,18.457450959180804
79.04268931410964,0.785651618080232,53.81633048300135
26.623893434010117,0.11833619092338732,20.903761967935246
68.25216875731105,0.40990488969628824,38.829889424770116
39.627928774505676,0.8398022856356172,13.546656447707003
51.143649123358124,0.383832951933044,18.775990763274187
43.09549894165599,0.5718722712271865,13.921442132982603
48.45381731719593,0.5877693608621982,4.394250606066766
77.52367241473964,0.18447625313363936,47.9302075448395
43.769737249854,0.3622354416522884,8.909570286550057
65.31237122375177,0.33451128874193214,36.656423988807084
58.08403217592797,0.026196708532064794,39.449258016268075
73.09369322901185,0.024191763891355245,46.985920584306314
94.94637914598064,0.8316970436757735,46.87090379494169
78.60576777682002,0.2730708099728124,54.457815539427564
37.19523028726054,0.5180787662388154,16.584296107734588
22.494650804902776,0.29872557358877305,21.729340080685034
40.98112354398601,0.9406792451153405,17.234267328601508
67.60623445602039,0.25929675886577375,49.199481614452644
24.114065078740026,0.4296568127389351,13.931987332936483
59.70929977609891,0.8727302504846018,30.89621392466393
67.74742791335115,0.8419335667918086,35.645670802860266
46.73951126535687,0.18610141784627732,16.52690813362232
81.67297629966575,0.8026433097957104,47.36150983879199
28.527860250701742,0.45818688673789265,15.941554639267665
26.0110225388647,0.4829688720853552,17.64156494137724
78.25510049628826,0.13347997241594378,54.26954090791758
59.63930529649588,0.08060151375712465,31.43453707777001
75.07219171421889,0.7279393069737652,42.168166911997005
54.7861870882997,0.49646115235529975,21.455384606299525
39.712162659128545,0.43685070261517955,9.805110421789854
85.52818541393597,0.7295082286523967,45.58649415684451
83.95327031751833,0.7655128989911097,50.99273758346973
75.57571766835414,0.15890816766935356,46.12717409689992
41.771610978397014,0.6102251494776413,25.638313989230532
67.21845334952697,0.13535408227768553,40.29200137547542
48.87791175520214,0.7513750860290457,9.207054207731098
27.326565866130732,0.6569551562671395,16.129656699096827
93.38508603697943,0.956614621083458,54.57431262125942
30.945490473516912,0.06895801635642118,26.52313769499062
96.0189883056642,0.05705472115125432,38.431724821686466
55.68046183663646,0.28218707469320015,12.447758526224119
